Haberler,Tahmin Edilen Kategoriler
Marmara Denizi'nde korkutan deprem!,Sağlık
Denizde can pazarı! Saniye saniye kaydedildi,Yaşam
Dikkat! Hastalık hastası kişiler diğerlerine göre daha erken ölüyor,Sağlık
YTAK kredilerinde yeni dönem! Başvurular 20 Aralık'ta başlıyor,Ekonomi
20. Uluslararası İstanbul Mutfak Günleri Tuzla’da başladı,Ekonomi
Cumhurbaşkanı Erdoğan'dan Hanuka Bayramı mesajı,Siyaset
2 bin 67 terörist etkisiz hale getirildi,Yaşam
"Diyaloğumuz, karşılıklı görüşmelerimiz sürecek",Sağlık
Gelin arabası gibi süsledi arkasına 'Boşanıyoruz' yazdırdı,Sağlık
Eski kocasının üzerine tiner döküp bıçaklamıştı! Kadına mahkemeden indirimli hapis cezası,Yaşam
"Meclis Başkanı Kurtulmuş ""Gazze"" konulu sempozyumda konuştu: “İçimiz kan ağlıyor”",Siyaset
BM İklim Zirvesi sonuç metni imzalandı,Ekonomi
Kur'an-ı Kerim'i yırtarak küfretti; linçten polis kurtardı,Yaşam
Japon Deprem Uzmanından 'İstanbul' Uyarısı!,Sağlık
Adana'da kahve zincirine silahlı saldırı: 'Filistin'de çocukların kanı akıyor',Yaşam
Son dakika haber: Marmara Denizi'nde korkutan deprem,Ekonomi
Hasan Bitmez'in Sağlık Durumu Nasıl? Karamollaoğlu'ndan Açıklama Geldi,Siyaset
İsrail muhalefet lideri Lapid’den Netanyahu’ya: Bu adam çok tehlikeli,Siyaset
"Meclis Başkanı Kurtulmuş ""Gazze"" konulu sempozyumda konuştu: “İçimiz kan ağlıyor”",Siyaset
Adana'da kahve zincirine silahlı saldırı: 'Filistin'de çocukların kanı akıyor',Yaşam
Son dakika haber: Marmara Denizi'nde korkutan deprem,Ekonomi
Kur'an-ı Kerim'i yırtarak küfretti; linçten polis kurtardı,Yaşam
Japon Deprem Uzmanından 'İstanbul' Uyarısı!,Sağlık
Partililer Akşener'e kazan kaldırdı! Görevden alınan isim yeniden seçildi,Ekonomi
Bakan Güler: Bu yıl 2 bin 67 terörist etkisiz hale getirildi,Siyaset
Hasan Bitmez'in Sağlık Durumu Nasıl? Karamollaoğlu'ndan Açıklama Geldi,Siyaset
Boşanma davasına aracını süsleyip gitti... 'Osman cehenneme kadar yolun var',Ekonomi
Dikkat! Meteoroloji İl İl Uyardı... Hafta Sonu Soğuk Hava ve Kar...,Sağlık
SON DAKİKA HABERİ: Fed faiz kararını açıkladı,Ekonomi
İşte İŞKUR'a göre işverenlerin en çok eleman talep ettiği meslekler,Sağlık
ABD Kasım ayı ÜFE verisi belli oldu,Ekonomi
Fed'in kritik kararına saatler kala piyasalarda soğuk duş! İşte nedeni,Ekonomi
"TCMB Başkanı Erkan, ihracatçılarla bir araya geldi",Ekonomi
Asgari ücrette zam pazarlığı! İkinci randevu pazartesi,Ekonomi
Perakende satış hacmi aylık yüzde 2 arttı,Ekonomi
Yüksek kâr vaadiyle milyon dolarlık vurgun iddiası,Ekonomi
"Wall Street'te 3 yılda milyoner oldu, hemen işi bıraktı",Ekonomi
"Ekim ayında toplam ciro yıllık yüzde 65,3, aylık ise yüzde 4,1 arttı.",Ekonomi
BM İklim Zirvesi sonuç metni imzalandı,Ekonomi
"Parlamento Ringe Döndü! Gizlice Girdi, Milletvekillerden dayak yedi",Ekonomi
Gazzeliler ateşkes konusunda umutsuz,Sağlık
İran Dışişleri Bakanı'ndan ABD ve İsrail'e uyarı,Siyaset
İsrail muhalefet lideri Lapid’den Netanyahu’ya: Bu adam çok tehlikeli,Siyaset
ABD'nin İsrail'e mali desteği ne kadar?,Ekonomi
Yaralıların sadece yüzde 1'i tedavi için Mısır'a nakledildi,Sağlık
Orban'dan AB'ye Ukrayna eleştirisi: Korkunç bir hata yapmak üzere!,Yaşam
"Beyaz Saray Ulusal Güvenlik Danışmanı Sullivan, İsrail’i ziyaret edecek",Siyaset
Çin ve Vietnam'dan ortak bildiri,Sağlık
Feyyaz Uçar: Kadro dışı kalan isimlerin geri dönmesi söz konusu değil,Spor
Rıza Çalımbay: Gördüğüm zaman çok üzüldüm,Sağlık
Umut Nayir ile Enfal Nayir çifti bebeklerini kaybetti,Yaşam
Abdullah Avcı'dan Trabzonspor Şamil Ekinci Müzesi’ne ziyaret,Ekonomi
Hakeme saldırının cezası ne olacak? Faruk Koca ve 2 şüpheliyi yargılamada ne bekliyor?,Siyaset
Ali Koç: Kimsenin yaptığı yanına kar kalmamalı,Ekonomi
"Burak Haşhaş, 17 yaşında A Milli Bilardo Takımı'na girdi",Spor
Doğuş Balbay basketbol kariyerini noktaladı,Spor
"Fenerbahçe, Dimitris Itoudis ile yollarını ayırdı",Spor
"TFF, ertelenen maçların oynanacağı tarihleri açıkladı",Ekonomi
"Kuruluş Osman Karavul kimdir? Karavul ne demek, kim oynuyor?",Sağlık
Kuruluş Osman Tunahan Bey kimdir? Turahan beyi kim oynuyor?,Sağlık
Kuruluş Osman Durahan Bey kimdir? Tarihte Durahan Bey var mı? Turahan Bey’i kim oynuyor?,Sağlık
Kuruluş Osman Öktem Bey kimdir? Öktem Bey nasıl öldü? Kaan Yalçın canlandırıyor! Kaan Yalçın kaç yaşında?,Magazin
Kuruluş Osman Gazan Han kimdir? Tarihte Gazan Han var mı? Gazan Han’ı kim oynuyor?,Sağlık
"Kuruluş Osman Kam kimdir? Kam ne demek, ne anlama gelir? Köksal Ünal kaç yaşında, hangi dizilerde oynadı?",Yaşam
Son dakika: Kuruluş Osman Alçiçek kimdir? Tarihte Alçiçek var mı? Alçiçek’ı kim oynuyor? Miray Akar hangi dizilerde oynadı?,Ekonomi
"Kuruluş Osman Aykurt kimdir? Murat Boncuk kaç yaşında, hangi dizilerde oynadı?",Yaşam
"Kuruluş Osman Sultan Alaeddin kimdir? Tarihte Sultan Alaeddin var mı? Durukan Çelikkaya kaç yaşında, hangi dizilerde oynadı?",Yaşam
Kuruluş Osman Kara Ebe kimdir? Tarihte Kara Ebe Feriştah Bey nasıl öldü?,Yaşam
2023’ün İnternet Güvenliği Raporu yayınlandı,Teknoloji
Fntastic ani kararla kepenkleri indirdiğini açıkladı,Ekonomi
Yardım dolandırıcılıklarında artış,Ekonomi
"Komplo teorileriyle tanınan Alex Jones, Twitter’a geri döndü",Ekonomi
Yapay zeka Musk ile dalga geçti,Teknoloji
Honor 90 GT neler sunacak,Ekonomi
UEFA eEURO Turnuvası’nın resmi platformu olacak,Siyaset
Tekno-Gerilim Temalı Soygun Oyunu,Yaşam
TEKNOFEST'in 2024'te Yapılacağı İl Belli Oldu!,Teknoloji
2024 model MacBook Air’larla ilgili detay verdi,Yaşam
Entübe etmek ne demek? Entübe hasta nedir? Entübe hasta resmi,Sağlık
Aile dizisinde bipolar hastalık ne demek? Bipolar bozukluk ne anlama geliyor?,Sağlık
"Sigarada dudak tiryakilerine kötü haber: ""İçinize çekmeseniz bile yakmanız yetiyor""",Teknoloji
2024'e parıldayan ve genç bir ciltle girebilirsiniz,Sağlık
Rinoplasti sonrası hangi değişimleri beklemeliyiz?,Sağlık
"Uzmanı uyardı, 30 yaşından sonra her kadın bu riski taşıyor",Sağlık
"Prof. Dr. Özlü: Kronik hastalıkları bulunanlar, uçak içinde riskleri iyi yönetmeli",Sağlık
Bilinçsiz protein tozu kullananlar dikkat! Kilo artışına sebep olabilir,Sağlık
"Sık idrara çıkma, kilo kaybı diyabet habercisi olabilir",Sağlık
Tedavisi tamamlanan SMA'lı Kaan Efe'den güzel haber,Yaşam
Tesla 2 milyondan fazla aracını geri çağıracak,Sağlık
Toyota 2024’te yarışacak araçlarını tanıttı,Teknoloji
Otokoç yeni mobilite aracı üretiminde aktif rol oynayacak,Teknoloji
Honda CR-V e:HEV Türkiye’de,Sağlık
Bakan Kacır tarih verdi: Togg sedan geliyor!,Siyaset
TOGG'DAN YENİ YIL MÜJDESİ! İşte Kullanımdaki Araç ve Servis Noktası Sayısı,Yaşam
"Otomotiv üretimi Kasım'da %4,0 arttı",Ekonomi
Otomotiv satışta rekora giderken üretimde yüzde 12 artış gösterdi,Ekonomi
Türk yapımı elektrikliler İtalya'da,Ekonomi
FIAT'tan 2 elektrikli ticari yollara çıkıyor,Teknoloji
